{"stats":{"minecraft:custom":{"minecraft:leave_game":8,"minecraft:time_since_death":4506,"minecraft:damage_resisted":4212,"minecraft:sprint_one_cm":109453,"minecraft:drop":53,"minecraft:play_time":249239,"minecraft:deaths":2,"minecraft:jump":1019,"minecraft:walk_on_water_one_cm":849,"minecraft:interact_with_furnace":9,"minecraft:damage_dealt":39780,"minecraft:crouch_one_cm":3450,"minecraft:mob_kills":47,"minecraft:walk_one_cm":455336,"minecraft:damage_dealt_absorbed":2332,"minecraft:sneak_time":1266,"minecraft:walk_under_water_one_cm":796,"minecraft:total_world_time":249239,"minecraft:time_since_rest":4530,"minecraft:damage_taken":660,"minecraft:swim_one_cm":1395,"minecraft:fly_one_cm":671989,"minecraft:open_chest":189,"minecraft:fall_one_cm":3904},"minecraft:killed_by":{"soulslikeuniverse:beastclergyman":2},"minecraft:used":{"twilightforest:ur_ghast_spawn_egg":1,"soulslikeuniverse:crucibleknightordovis_spawn_egg":1,"minecraft:chest":32,"minecraft:stone":4,"minecraft:zombie_spawn_egg":2,"soulslikeuniverse:legendary_radahnlightningsword":1,"soulslikeuniverse:fieldboss_crucibleknight_spawn_egg":2,"soulslikeuniverse:monstercrucibleknight_spawn_egg":1,"soulslikeuniverse:fieldboss_elemer_spawn_egg":1,"soulslikeuniverse:fieldboss_mohg_spawn_egg":1,"soulslikeuniverse:godfrey_spawn_egg":1,"soulslikeuniverse:radahn_spawn_egg":1,"twilightforest:hydra_spawn_egg":2,"soulslikeuniverse:legendary_bloodblade":1,"soulslikeuniverse:malenia_spawn_egg":4,"dragonitegear:dragonite_bow":3,"soulslikeuniverse:patches_spawn_egg":2,"projecte:rm_sword":14,"ironfurnaces:million_furnace":1,"ironfurnaces:netherite_furnace":1,"iceandfire:dragonbone_bow":1,"alexsmobs:spawn_egg_void_worm":1},"minecraft:killed":{"soulslikeuniverse:fieldboss_crucibleknight":3,"alexsmobs:void_worm":1,"soulslikeuniverse:radahn":1,"soulslikeuniverse:radagon":2,"soulslikeuniverse:bossmaliketh":1,"twilightforest:hydra":1,"soulslikeuniverse:beastclergyman":2,"soulslikeuniverse:monstergodrickknight":1,"minecraft:zombie":2,"soulslikeuniverse:badomengiant":1,"twilightforest:ur_ghast":1,"soulslikeuniverse:crucibleknightordovis":1,"soulslikeuniverse:monstercrucibleknight":1,"soulslikeuniverse:malenia":5,"soulslikeuniverse:patches":2,"iceandfire:fire_dragon":1,"soulslikeuniverse:morgott":2,"soulslikeuniverse:godskinapostle":2,"soulslikeuniverse:fieldboss_mohg":1,"soulslikeuniverse:monsterhollow":1,"soulslikeuniverse:fieldboss_elemer":1,"soulslikeuniverse:solaire":5,"soulslikeuniverse:bossgundyr":2,"soulslikeuniverse:eldenbeast":2,"soulslikeuniverse:godfrey":2,"soulslikeuniverse:castleguard":1,"soulslikeuniverse:godskinnoble":2},"minecraft:dropped":{"soulslikeuniverse:spawnmagicgodskinapostle":1,"iceandfire:dragonscales_copper":1,"iceandfire:sea_serpent_scales_teal":1,"iceandfire:dragonsteel_lightning_ingot":1,"iceandfire:sea_serpent_scales_red":1,"born_in_chaos_v1:phantom_powder":1,"iceandfire:sea_serpent_scales_purple":2,"cataclysm:witherite_ingot":1,"ftbquests:book":1,"born_in_chaos_v1:fire_dust":1,"iceandfire:sea_serpent_scales_deepblue":2,"soulslikeuniverse:spawnmagicmaliketh":1,"iceandfire:hydra_fang":1,"cataclysm:ignitium_upgrade_smithing_template":1,"iceandfire:shiny_scales":1,"soulslikeuniverse:spawnmagicradahn":1,"born_in_chaos_v1:seedof_chaos":1,"born_in_chaos_v1:fangofthe_hound_leader":1,"iceandfire:pixie_dust":1,"iceandfire:sea_serpent_scales_blue":1,"iceandfire:ice_dragon_blood":1,"soulslikeuniverse:spawnmagicsoulofcinder":1,"born_in_chaos_v1:dark_rod":1,"iceandfire:dragonsteel_ice_ingot":1,"iceandfire:lightning_dragon_blood":1,"born_in_chaos_v1:shattered_skull":1,"iceandfire:sea_serpent_scales_bronze":1,"soulslikeuniverse:spawnmagicmorgott":1,"iceandfire:sea_serpent_scales_green":2,"minecraft:stick":2,"soulslikeuniverse:spawnmagicgael":1,"iceandfire:dragonscales_black":1,"blue_skies:pearl":1,"iceandfire:ice_dragon_heart":1,"iceandfire:dragon_skull_fire":1,"iceandfire:dragonsteel_fire_ingot":1,"epicfight:uchigatana":2,"iceandfire:lightning_dragon_heart":1,"iceandfire:ghost_ingot":1,"rogcontinued:fettersofthedandeliongladiator":1,"born_in_chaos_v1:spiritual_dust":1,"cataclysm:abyssal_sacrifice":1,"iceandfire:dragonscales_amythest":1,"soulslikeuniverse:spawnmagicradagon":1,"soulslikeuniverse:spawnmagicmalenia":1,"iceandfire:hydra_heart":1,"soulslikeuniverse:spawnmagicgodfrey":1,"iceandfire:fire_dragon_heart":1,"cataclysm:monstrous_horn":1},"minecraft:picked_up":{"blue_skies:fox_pelt":1,"simplyswords:empowered_remnant":1,"cataclysm:monstrous_horn":2,"rpgsmw:miphrilignot":1,"rpgsmw:rangal_dust":64,"iceandfire:myrmex_jungle_chitin":1,"twilightforest:fiery_ingot":1,"soulslikeuniverse:charredpiece":64,"rogcontinued:mistveiledleadelixir":66,"soulslikeuniverse:radahnsoul":1,"iceandfire:manuscript":1,"rpgsmw:gildedmiphril":1,"rogcontinued:borealwolfscrackedtooth":64,"iceandfire:sea_serpent_scales_teal":65,"bosses_of_mass_destruction:brimstone_nectar":1,"blue_skies:thwarted_armor_trim_smithing_template":1,"alexscaves:pure_darkness":2,"born_in_chaos_v1:dark_upgrade":1,"twilightforest:steeleaf_ingot":1,"rogcontinued:tileofdecarabianstower":70,"epicpaladins:bloodstone_gem":64,"rogcontinued:debrisofdecarabianscity":64,"iceandfire:sea_serpent_scales_bronze":65,"rogcontinued:chunkofaerosiderite":64,"rogcontinued:coralbranchofadistantsea":74,"born_in_chaos_v1:dark_metal_ingot":1,"bosses_of_mass_destruction:soul_star":1,"rogcontinued:crystalchunk":1,"rpgsmw:redarium":1,"rogcontinued:borealwolfsmilktooth":68,"soulslikeuniverse:spawnmagicradahn":1,"soulslikeuniverse:legendarybloodtrident":1,"rpgsmw:miphril_dust":64,"soulslikeuniverse:godfreysoul":2,"iceandfire:dragonscales_red":64,"rpgsmw:amethyst_dust":64,"rogcontinued:narukamiswisdom":68,"iceandfire:pixie_dust":1,"minecraft:stick":5,"rogcontinued:scatteredpieceofdecarabiansdream":64,"soulslikeuniverse:spawnmagicgodskinapostle":1,"cataclysm:kobolediator_skull":1,"epicpaladins:arclight_gem":64,"born_in_chaos_v1:phantom_powder":2,"epicpaladins:arclight_template":1,"iceandfire:dragonscales_white":64,"deeperdarker:heart_of_the_deep":1,"born_in_chaos_v1:pileof_dark_metal":1,"rogcontinued:goldenbranchofadistantsea":1,"iceandfire:lightning_dragon_blood":1,"born_in_chaos_v1:nightmare_claw":1,"epicpaladins:moonlight_gem":64,"rogcontinued:fettersofthedandeliongladiator":72,"rogcontinued:maskofthekijin":1,"cataclysm:coral_chunk":1,"rpgsmw:redarium_dust":64,"alexscaves:corrodent_teeth":2,"twilightforest:knightmetal_ingot":1,"minecraft:rotten_flesh":3,"deeperdarker:soul_dust":1,"epicpaladins:cryorium_gem":64,"soulslikeuniverse:estusflask":8,"iceandfire:deathworm_chitin_yellow":1,"iceandfire:fire_dragon_heart":4,"iceandfire:myrmex_desert_chitin":1,"dreadsteel:dreadsteel_ingot":1,"alexscaves:notor_gizmo":1,"soulslikeuniverse:gundyrsoul":2,"rpgsmw:edmantium":1,"soulslikeuniverse:spawnmagicgael":1,"iceandfire:dragonscales_black":2,"soulslikeuniverse:scarletrotwing_chestplate":2,"soulslikeuniverse:legendary_gundyraxespear":2,"bosses_of_mass_destruction:charged_ender_pearl":1,"rogcontinued:borealwolfsnostalgia":64,"born_in_chaos_v1:spiritual_dust":2,"blue_skies:toxic_armor_trim_smithing_template":1,"epicpaladins:jade_gem":64,"soulslikeuniverse:iudex_chestplate":1,"rpgsmw:emerald_dust":64,"aquamirae:abyssal_amethyst":1,"soulslikeuniverse:spawnmagicmaliketh":1,"minecraft:wither_skeleton_skull":1,"soulslikeuniverse:legendary_radahnlightningsword":1,"blue_skies:banished_armor_trim_smithing_template":1,"iceandfire:dragonscales_bronze":76,"born_in_chaos_v1:monster_skin":1,"rogcontinued:starsilverchunkore":1,"cataclysm:koboleton_bone":1,"soulslikeuniverse:bloodsword":1,"iceandfire:ice_dragon_blood":1,"rogcontinued:relicfromguyun":64,"rogcontinued:jeweledbranchofadistantsea":64,"rogcontinued:dreamofthedandeliongladiator":64,"born_in_chaos_v1:transmuting_elixir":1,"deeperdarker:reinforced_echo_shard":1,"soulslikeuniverse:legendary_margitwand":2,"alexscaves:guano":2,"alexscaves:toxic_paste":1,"rogcontinued:narukamisjoy":64,"ftbquests:book":1,"alexscaves:depth_charge":1,"bosses_of_mass_destruction:void_lily":1,"rpgsmw:nephrisshard":1,"rogcontinued:mistveiledgoldelixir":64,"slashblade:slashblade":1,"alexsmobs:void_worm_mandible":66,"iceandfire:dragonscales_amythest":2,"blue_skies:diopside_gem":1,"rpgsmw:edmantium_dust":64,"soulslikeuniverse:legendary_marikahammer":2,"soulslikeuniverse:maleniasoul":4,"rogcontinued:pieceofaerosiderite":64,"iceandfire:dragonscales_sapphire":64,"ae2:certus_quartz_crystal":64,"soulslikeuniverse:spawnmagicmorgott":1,"rogcontinued:bitofaerosiderite":64,"aquamirae:anglers_fang":1,"bosses_of_mass_destruction:crystal_fruit":1,"alexscaves:uranium":64,"iceandfire:dragon_skull_fire":2,"iceandfire:shiny_scales":2,"aether:zanite_gemstone":1,"deeperdarker:soul_crystal":1,"alexsmobs:void_worm_eye":65,"soulslikeuniverse:legendarycruciblesword":3,"soulslikeuniverse:crucibleknight_boots":1,"iceandfire:lightning_dragon_heart":2,"soulslikeuniverse:legendary_blackblade":1,"epicpaladins:moonlight_template":1,"soulslikeuniverse:sacredrelicsword":1,"alexscaves:occult_gem":2,"minecraft:diamond":93,"rpgsmw:biril_dust":64,"rogcontinued:luminoussandsfromguyun":65,"aquamirae:rune_of_the_storm":1,"rpgsmw:rangal":1,"rogcontinued:whiteironchunk":1,"aether:ambrosium_shard":1,"twilightforest:alpha_yeti_fur":1,"aether:swet_ball":1,"cataclysm:ancient_metal_nugget":1,"aether:golden_amber":1,"twilightforest:arctic_fur":1,"iceandfire:troll_leather_forest":1,"epicsamurai:ruby":64,"alexscaves:polarity_armor_trim_smithing_template":1,"rogcontinued:grainofaerosiderite":66,"rogcontinued:shacklesofthedandeliongladiator":64,"cataclysm:ignitium_upgrade_smithing_template":2,"aether:aechor_petal":1,"iceandfire:witherbone":64,"blue_skies:star_flare":1,"born_in_chaos_v1:seedof_chaos":2,"soulslikeuniverse:spawnmagicsoulofcinder":1,"soulslikeuniverse:spawnmagicgodfrey":1,"soulslikeuniverse:briar_helmet":1,"alexscaves:thornwood_branch":2,"alexscaves:tectonic_shard":1,"blue_skies:horizonite_ingot":64,"iceandfire:sea_serpent_scales_blue":65,"aquamirae:sharp_bones":1,"minecraft:elytra":2,"minecraft:netherite_scrap":2,"ironfurnaces:rainbow_coal":2,"epicsamurai:jade":64,"iceandfire:ghost_ingot":2,"deeperdarker:warden_carapace":1,"soulslikeuniverse:legendary_godfreyaxe":2,"simplyswords:runic_tablet":1,"iceandfire:hydra_fang":2,"minecraft:deepslate_diamond_ore":35,"epicsamurai:akaname_tongue":1,"iceandfire:dread_shard":1,"cataclysm:witherite_ingot":1,"wom:demon_seal":1,"alexscaves:marine_snow":1,"twilightforest:naga_scale":1,"cataclysm:abyssal_sacrifice":2,"iceandfire:dragonscales_electric":64,"rogcontinued:maskoftheonehorned":1,"rpgsmw:biril":1,"iceandfire:ice_dragon_heart":2,"deeperdarker:sculk_transmitter":1,"iceandfire:dragonbone":68,"rogcontinued:jadebranchofadistantsea":64,"iceandfire:dragonscales_gray":67,"iceandfire:dragonscales_green":64,"soulslikeuniverse:malikethsoul":1,"rogcontinued:narukamisvalor":64,"rogcontinued:divinebodyfromguyun":64,"rogcontinued:amethystlumpore":1,"iceandfire:deathworm_chitin_red":1,"blue_skies:aquite":1,"bosses_of_mass_destruction:void_thorn":1,"born_in_chaos_v1:pieceofdarkmetal":1,"iceandfire:deathworm_chitin_white":1,"soulslikeuniverse:legendaryexecutionersword":1,"alexscaves:gazing_pearl":1,"soulslikeuniverse:skin_leggings":1,"twilightforest:magic_beans":1,"iceandfire:sea_serpent_scales_purple":66,"alexscaves:dark_tatters":2,"epicpaladins:sculk_template":1,"rpgsmw:pinarium":1,"bosses_of_mass_destruction:obsidian_heart":64,"iceandfire:dragonscales_silver":64,"iceandfire:dragonsteel_fire_ingot":2,"bosses_of_mass_destruction:blazing_eye":64,"born_in_chaos_v1:spiny_shell":1,"ae2:matter_ball":64,"alexscaves:vesper_wing":128,"rpgsmw:pinarium_dust":64,"bosses_of_mass_destruction:ancient_anima":64,"epicsamurai:kitsune_tail":1,"epicsamurai:kitsune_hide":64,"rogcontinued:ironchunk":1,"ae2:fluix_dust":64,"blue_skies:pearl":1,"lost_aether_content:noble_armor_trim_smithing_template":1,"rogcontinued:mistveiledmercuryelixir":64,"epicsamurai:spirit_upgrade_smithing_template":1,"alexscaves:sulfur_dust":64,"iceandfire:dragonsteel_lightning_ingot":2,"cataclysm:ignitium_ingot":1,"rogcontinued:lustrousstonefromguyun":64,"cataclysm:void_jaw":1,"epicpaladins:cryorium_template":1,"aquaculture:neptunium_ingot":1,"ae2:fluix_crystal":64,"soulslikeuniverse:godskinapostlesoul":2,"iceandfire:hydra_heart":1,"alexscaves:ferrouslime_ball":1,"iceandfire:dragonscales_blue":64,"rpgsmw:nephriscrystal":1,"soulslikeuniverse:spellstone":5,"soulslikeuniverse:legendary_bloodblade":4,"soulslikeuniverse:legendary_godskinpeeler":2,"soulslikeuniverse:radagonsoul":2,"alexscaves:fertilizer":2,"twilightforest:ironwood_ingot":1,"blue_skies:pyrope_gem":1,"alexscaves:immortal_embryo":1,"blue_skies:charoite":1,"rogcontinued:amethystlump":1,"blue_skies:falsite_ingot":64,"soulslikeuniverse:morgottsoul":2,"rogcontinued:maskofthewickedlieutenant":8,"epicsamurai:aquamarine":64,"alexscaves:polymer_plate":1,"iceandfire:sea_serpent_scales_deepblue":66,"iceandfire:fire_dragon_flesh":2,"epicsamurai:onyx":64,"rogcontinued:fragmentofdecarabiansepic":64,"alexscaves:shadow_silk":2,"aquamirae:ship_graveyard_echo":1,"rogcontinued:mistveiledprimoelixir":64,"alexscaves:moth_dust":2,"cataclysm:crystallized_coral":1,"rogcontinued:chainsofthedandeliongladiator":65,"iceandfire:sea_serpent_scales_green":66,"born_in_chaos_v1:orbofthe_summoner":1,"epicpaladins:bloodstone_template":1,"soulslikeuniverse:spawnmagicmalenia":1,"soulslikeuniverse:spawnmagicradagon":1,"epicfight:uchigatana":2,"rogcontinued:starsilverchunk":1,"born_in_chaos_v1:fangofthe_hound_leader":2,"cardinal_sins:darksteelingot":1,"alexscaves:telecore":1,"rogcontinued:maskofthetigersbite":1,"soulslikeuniverse:wingedcrucibleknight_chestplate":1,"iceandfire:dragonscales_copper":2,"rogcontinued:borealwolfsbrokenfang":64,"iceandfire:dragonsteel_ice_ingot":2,"rogcontinued:narukamisaffection":64,"blue_skies:ventium_ingot":64,"epicpaladins:jade_template":1,"deeperdarker:sculk_bone":1,"rpgsmw:nephris_dust":64,"blue_skies:regrowth_armor_trim_smithing_template":1,"soulslikeuniverse:godrickknight_leggings":1,"twilightforest:raven_feather":1,"cataclysm:crystallized_coral_fragments":1,"iceandfire:sea_serpent_scales_red":65,"cataclysm:ancient_metal_ingot":1,"epicpaladins:steel_template":1,"alexscaves:sea_glass_shards":1,"soulslikeuniverse:knightsoul":4,"alexscaves:uranium_shard":1,"soulslikeuniverse:smilesticker":2}},"DataVersion":3465}