{"stats":{"minecraft:crafted":{"minecraft:crafting_table":1,"minecraft:wooden_pickaxe":1,"minecraft:copper_ingot":423,"minecraft:birch_planks":16,"minecraft:stone_axe":1,"minecraft:stick":12,"minecraft:stone_pickaxe":1,"minecraft:stone_sword":1},"minecraft:broken":{"minecraft:stone_pickaxe":1},"minecraft:picked_up":{"minecraft:birch_log":66,"minecraft:crafting_table":1,"minecraft:feather":1,"minecraft:chicken":1,"minecraft:tuff":2,"minecraft:waxed_copper_block":47,"minecraft:brick":19,"minecraft:dirt":22,"minecraft:string":1,"minecraft:cobbled_deepslate":1,"minecraft:glowstone_dust":2,"minecraft:waxed_oxidized_copper":13,"minecraft:tipped_arrow":10,"minecraft:stick":4,"minecraft:dark_oak_sapling":4,"minecraft:raw_iron":1,"minecraft:cooked_porkchop":63,"minecraft:redstone":4,"minecraft:dark_oak_log":2,"minecraft:rotten_flesh":1,"minecraft:diamond":1,"minecraft:decorated_pot":21,"minecraft:waxed_oxidized_copper_grate":4,"minecraft:tuff_bricks":9,"minecraft:mutton":2,"minecraft:white_wool":1,"minecraft:cobblestone":98},"minecraft:killed_by":{"minecraft:zombie":1},"minecraft:mined":{"minecraft:dark_oak_leaves":21,"minecraft:dark_oak_log":2,"minecraft:crafting_table":1,"minecraft:short_grass":1,"minecraft:grass_block":5,"minecraft:decorated_pot":6,"minecraft:tuff_bricks":7,"minecraft:waxed_oxidized_copper_grate":2,"minecraft:birch_log":66,"minecraft:iron_ore":1,"minecraft:birch_leaves":4,"minecraft:waxed_copper_block":46,"minecraft:waxed_oxidized_copper":12,"minecraft:dirt":18,"minecraft:cobweb":1,"minecraft:stone":97,"minecraft:oak_leaves":2,"minecraft:deepslate":1},"minecraft:killed":{"minecraft:witch":1,"minecraft:sheep":1,"minecraft:skeleton":1,"minecraft:zombie":2,"minecraft:chicken":1},"minecraft:custom":{"minecraft:mob_kills":6,"minecraft:interact_with_crafting_table":3,"minecraft:open_barrel":2,"minecraft:leave_game":6,"minecraft:time_since_death":55504,"minecraft:climb_one_cm":57,"minecraft:time_since_rest":55531,"minecraft:sprint_one_cm":85201,"minecraft:damage_taken":1114,"minecraft:walk_one_cm":105626,"minecraft:drop":20,"minecraft:damage_dealt":1030,"minecraft:swim_one_cm":4693,"minecraft:fly_one_cm":113709,"minecraft:open_chest":4,"minecraft:crouch_one_cm":3668,"minecraft:play_time":70868,"minecraft:deaths":2,"minecraft:sneak_time":1857,"minecraft:walk_under_water_one_cm":186,"minecraft:jump":610,"minecraft:walk_on_water_one_cm":1550,"minecraft:total_world_time":70868,"minecraft:fall_one_cm":21635},"minecraft:dropped":{"minecraft:tuff_bricks":9,"minecraft:tuff":2,"minecraft:dark_oak_sapling":4,"minecraft:cooked_porkchop":2,"minecraft:stick":3,"minecraft:dirt":11,"minecraft:tipped_arrow":10,"minecraft:string":1,"minecraft:waxed_oxidized_copper_grate":4,"minecraft:brick":19},"minecraft:used":{"minecraft:stone_sword":8,"minecraft:stone_pickaxe":131,"minecraft:decorated_pot":21,"minecraft:wooden_pickaxe":51,"minecraft:dirt":11,"minecraft:crafting_table":1,"minecraft:dark_oak_log":2,"minecraft:stone_axe":71,"minecraft:cooked_porkchop":12,"minecraft:cobbled_deepslate":1}},"DataVersion":3953}