{"stats":{"minecraft:custom":{"minecraft:mob_kills":26,"minecraft:leave_game":8,"minecraft:time_since_death":225239,"minecraft:walk_one_cm":340808,"minecraft:sprint_one_cm":72338,"minecraft:drop":48,"minecraft:damage_dealt_absorbed":2332,"minecraft:play_time":225239,"minecraft:sneak_time":1087,"minecraft:jump":895,"minecraft:walk_on_water_one_cm":700,"minecraft:total_world_time":225239,"minecraft:interact_with_furnace":9,"minecraft:time_since_rest":225239,"minecraft:damage_dealt":17772,"minecraft:fly_one_cm":515974,"minecraft:open_chest":186,"minecraft:crouch_one_cm":3326,"minecraft:fall_one_cm":1314},"minecraft:used":{"minecraft:chest":32,"minecraft:stone":4,"soulslikeuniverse:legendary_radahnlightningsword":1,"soulslikeuniverse:legendary_bloodblade":1,"soulslikeuniverse:patches_spawn_egg":2,"projecte:rm_sword":14,"soulslikeuniverse:fieldboss_elemer_spawn_egg":1,"ironfurnaces:million_furnace":1,"ironfurnaces:netherite_furnace":1,"iceandfire:dragonbone_bow":1},"minecraft:killed":{"soulslikeuniverse:fieldboss_crucibleknight":1,"soulslikeuniverse:radahn":1,"soulslikeuniverse:malenia":2,"soulslikeuniverse:patches":2,"soulslikeuniverse:radagon":1,"soulslikeuniverse:morgott":2,"soulslikeuniverse:godskinapostle":1,"soulslikeuniverse:monsterhollow":1,"soulslikeuniverse:fieldboss_elemer":1,"soulslikeuniverse:solaire":5,"soulslikeuniverse:bossmaliketh":1,"soulslikeuniverse:bossgundyr":2,"soulslikeuniverse:beastclergyman":1,"soulslikeuniverse:godfrey":1,"soulslikeuniverse:eldenbeast":1,"soulslikeuniverse:castleguard":1,"soulslikeuniverse:monstergodrickknight":1,"soulslikeuniverse:godskinnoble":1},"minecraft:dropped":{"iceandfire:lightning_dragon_blood":1,"born_in_chaos_v1:shattered_skull":1,"iceandfire:sea_serpent_scales_bronze":1,"soulslikeuniverse:spawnmagicgodskinapostle":1,"soulslikeuniverse:spawnmagicmorgott":1,"iceandfire:dragonscales_copper":1,"iceandfire:sea_serpent_scales_green":2,"minecraft:stick":2,"iceandfire:sea_serpent_scales_teal":1,"soulslikeuniverse:spawnmagicgael":1,"iceandfire:sea_serpent_scales_red":1,"iceandfire:dragonsteel_lightning_ingot":1,"iceandfire:sea_serpent_scales_purple":2,"born_in_chaos_v1:phantom_powder":1,"iceandfire:dragonscales_black":1,"blue_skies:pearl":1,"cataclysm:witherite_ingot":1,"iceandfire:ice_dragon_heart":1,"iceandfire:dragonsteel_fire_ingot":1,"born_in_chaos_v1:fire_dust":1,"iceandfire:ghost_ingot":1,"iceandfire:lightning_dragon_heart":1,"iceandfire:sea_serpent_scales_deepblue":2,"soulslikeuniverse:spawnmagicmaliketh":1,"iceandfire:hydra_fang":1,"cataclysm:ignitium_upgrade_smithing_template":1,"born_in_chaos_v1:spiritual_dust":1,"iceandfire:shiny_scales":1,"soulslikeuniverse:spawnmagicradahn":1,"born_in_chaos_v1:seedof_chaos":1,"cataclysm:abyssal_sacrifice":1,"born_in_chaos_v1:fangofthe_hound_leader":1,"iceandfire:dragonscales_amythest":1,"soulslikeuniverse:spawnmagicradagon":1,"iceandfire:pixie_dust":1,"soulslikeuniverse:spawnmagicmalenia":1,"iceandfire:hydra_heart":1,"soulslikeuniverse:spawnmagicgodfrey":1,"iceandfire:fire_dragon_heart":1,"iceandfire:sea_serpent_scales_blue":1,"soulslikeuniverse:spawnmagicsoulofcinder":1,"iceandfire:ice_dragon_blood":1,"cataclysm:monstrous_horn":1,"born_in_chaos_v1:dark_rod":1,"iceandfire:dragonsteel_ice_ingot":1},"minecraft:picked_up":{"rogcontinued:shacklesofthedandeliongladiator":64,"blue_skies:fox_pelt":1,"cataclysm:ignitium_upgrade_smithing_template":2,"aether:aechor_petal":1,"cataclysm:monstrous_horn":2,"blue_skies:star_flare":1,"iceandfire:witherbone":64,"rpgsmw:miphrilignot":1,"born_in_chaos_v1:seedof_chaos":2,"soulslikeuniverse:spawnmagicsoulofcinder":1,"soulslikeuniverse:spawnmagicgodfrey":1,"rpgsmw:rangal_dust":64,"twilightforest:fiery_ingot":1,"iceandfire:myrmex_jungle_chitin":1,"soulslikeuniverse:briar_helmet":1,"soulslikeuniverse:charredpiece":64,"alexscaves:thornwood_branch":2,"rogcontinued:mistveiledleadelixir":66,"alexscaves:tectonic_shard":1,"soulslikeuniverse:radahnsoul":1,"blue_skies:horizonite_ingot":64,"iceandfire:sea_serpent_scales_blue":65,"rpgsmw:gildedmiphril":1,"iceandfire:manuscript":1,"aquamirae:sharp_bones":1,"rogcontinued:borealwolfscrackedtooth":64,"minecraft:elytra":1,"blue_skies:thwarted_armor_trim_smithing_template":1,"bosses_of_mass_destruction:brimstone_nectar":1,"iceandfire:sea_serpent_scales_teal":65,"alexscaves:pure_darkness":2,"epicpaladins:bloodstone_gem":64,"born_in_chaos_v1:dark_upgrade":1,"twilightforest:steeleaf_ingot":1,"ironfurnaces:rainbow_coal":2,"epicsamurai:jade":64,"rogcontinued:tileofdecarabianstower":69,"rogcontinued:debrisofdecarabianscity":64,"iceandfire:ghost_ingot":2,"iceandfire:sea_serpent_scales_bronze":65,"deeperdarker:warden_carapace":1,"soulslikeuniverse:legendary_godfreyaxe":1,"rogcontinued:chunkofaerosiderite":64,"simplyswords:runic_tablet":1,"rogcontinued:coralbranchofadistantsea":69,"born_in_chaos_v1:dark_metal_ingot":1,"bosses_of_mass_destruction:soul_star":1,"iceandfire:hydra_fang":2,"rogcontinued:crystalchunk":1,"minecraft:deepslate_diamond_ore":35,"epicsamurai:akaname_tongue":1,"rpgsmw:redarium":1,"iceandfire:dread_shard":1,"wom:demon_seal":1,"alexscaves:marine_snow":1,"cataclysm:witherite_ingot":1,"twilightforest:naga_scale":1,"rogcontinued:borealwolfsmilktooth":67,"cataclysm:abyssal_sacrifice":2,"soulslikeuniverse:spawnmagicradahn":1,"iceandfire:dragonscales_electric":64,"soulslikeuniverse:godfreysoul":1,"rpgsmw:miphril_dust":64,"rogcontinued:maskoftheonehorned":1,"iceandfire:dragonscales_red":64,"rpgsmw:biril":1,"iceandfire:ice_dragon_heart":2,"rpgsmw:amethyst_dust":64,"rogcontinued:narukamiswisdom":68,"soulslikeuniverse:malikethsoul":1,"iceandfire:pixie_dust":1,"iceandfire:dragonscales_green":64,"minecraft:stick":2,"iceandfire:dragonscales_gray":64,"rogcontinued:jadebranchofadistantsea":64,"iceandfire:dragonbone":64,"deeperdarker:sculk_transmitter":1,"epicpaladins:arclight_gem":64,"rogcontinued:scatteredpieceofdecarabiansdream":64,"born_in_chaos_v1:phantom_powder":2,"soulslikeuniverse:spawnmagicgodskinapostle":1,"rogcontinued:divinebodyfromguyun":64,"rogcontinued:narukamisvalor":64,"rogcontinued:amethystlumpore":1,"iceandfire:deathworm_chitin_red":1,"blue_skies:aquite":1,"epicpaladins:arclight_template":1,"iceandfire:dragonscales_white":64,"cataclysm:kobolediator_skull":1,"deeperdarker:heart_of_the_deep":1,"born_in_chaos_v1:pileof_dark_metal":1,"bosses_of_mass_destruction:void_thorn":1,"rogcontinued:goldenbranchofadistantsea":1,"iceandfire:lightning_dragon_blood":1,"epicpaladins:moonlight_gem":64,"born_in_chaos_v1:nightmare_claw":1,"born_in_chaos_v1:pieceofdarkmetal":1,"iceandfire:deathworm_chitin_white":1,"rogcontinued:fettersofthedandeliongladiator":68,"rogcontinued:maskofthekijin":1,"cataclysm:coral_chunk":1,"soulslikeuniverse:legendaryexecutionersword":1,"alexscaves:gazing_pearl":1,"twilightforest:magic_beans":1,"rpgsmw:redarium_dust":64,"alexscaves:corrodent_teeth":2,"twilightforest:knightmetal_ingot":1,"iceandfire:sea_serpent_scales_purple":66,"deeperdarker:soul_dust":1,"epicpaladins:cryorium_gem":64,"alexscaves:dark_tatters":2,"epicpaladins:sculk_template":1,"bosses_of_mass_destruction:obsidian_heart":64,"rpgsmw:pinarium":1,"iceandfire:deathworm_chitin_yellow":1,"iceandfire:dragonscales_silver":64,"iceandfire:fire_dragon_heart":2,"iceandfire:dragonsteel_fire_ingot":2,"bosses_of_mass_destruction:blazing_eye":64,"dreadsteel:dreadsteel_ingot":1,"iceandfire:myrmex_desert_chitin":1,"soulslikeuniverse:gundyrsoul":2,"born_in_chaos_v1:spiny_shell":1,"alexscaves:notor_gizmo":1,"ae2:matter_ball":64,"alexscaves:vesper_wing":128,"rpgsmw:edmantium":1,"rpgsmw:pinarium_dust":64,"bosses_of_mass_destruction:ancient_anima":64,"soulslikeuniverse:scarletrotwing_chestplate":1,"epicsamurai:kitsune_hide":64,"soulslikeuniverse:spawnmagicgael":1,"epicsamurai:kitsune_tail":1,"ae2:fluix_dust":64,"rogcontinued:ironchunk":1,"iceandfire:dragonscales_black":2,"blue_skies:pearl":1,"soulslikeuniverse:legendary_gundyraxespear":2,"lost_aether_content:noble_armor_trim_smithing_template":1,"rogcontinued:mistveiledmercuryelixir":64,"rogcontinued:borealwolfsnostalgia":64,"epicsamurai:spirit_upgrade_smithing_template":1,"bosses_of_mass_destruction:charged_ender_pearl":1,"alexscaves:sulfur_dust":64,"born_in_chaos_v1:spiritual_dust":2,"cataclysm:ignitium_ingot":1,"iceandfire:dragonsteel_lightning_ingot":2,"blue_skies:toxic_armor_trim_smithing_template":1,"epicpaladins:jade_gem":64,"rogcontinued:lustrousstonefromguyun":64,"soulslikeuniverse:iudex_chestplate":1,"epicpaladins:cryorium_template":1,"ae2:fluix_crystal":64,"aquaculture:neptunium_ingot":1,"rpgsmw:emerald_dust":64,"cataclysm:void_jaw":1,"soulslikeuniverse:godskinapostlesoul":1,"aquamirae:abyssal_amethyst":1,"soulslikeuniverse:spawnmagicmaliketh":1,"iceandfire:hydra_heart":1,"minecraft:wither_skeleton_skull":1,"alexscaves:ferrouslime_ball":1,"iceandfire:dragonscales_blue":64,"soulslikeuniverse:legendary_radahnlightningsword":1,"blue_skies:banished_armor_trim_smithing_template":1,"soulslikeuniverse:spellstone":2,"iceandfire:dragonscales_bronze":64,"rpgsmw:nephriscrystal":1,"soulslikeuniverse:legendary_bloodblade":2,"cataclysm:koboleton_bone":1,"soulslikeuniverse:legendary_godskinpeeler":1,"born_in_chaos_v1:monster_skin":1,"rogcontinued:starsilverchunkore":1,"soulslikeuniverse:radagonsoul":1,"soulslikeuniverse:bloodsword":1,"iceandfire:ice_dragon_blood":1,"alexscaves:fertilizer":2,"rogcontinued:relicfromguyun":64,"rogcontinued:jeweledbranchofadistantsea":64,"rogcontinued:dreamofthedandeliongladiator":64,"twilightforest:ironwood_ingot":1,"born_in_chaos_v1:transmuting_elixir":1,"deeperdarker:reinforced_echo_shard":1,"soulslikeuniverse:legendary_margitwand":2,"blue_skies:pyrope_gem":1,"alexscaves:immortal_embryo":1,"alexscaves:toxic_paste":1,"alexscaves:guano":2,"rogcontinued:narukamisjoy":64,"blue_skies:charoite":1,"alexscaves:depth_charge":1,"bosses_of_mass_destruction:void_lily":1,"blue_skies:falsite_ingot":64,"soulslikeuniverse:morgottsoul":2,"rpgsmw:nephrisshard":1,"rogcontinued:mistveiledgoldelixir":64,"rogcontinued:amethystlump":1,"rogcontinued:maskofthewickedlieutenant":7,"epicsamurai:aquamarine":64,"iceandfire:sea_serpent_scales_deepblue":66,"alexscaves:polymer_plate":1,"iceandfire:dragonscales_amythest":2,"alexsmobs:void_worm_mandible":64,"blue_skies:diopside_gem":1,"epicsamurai:onyx":64,"rogcontinued:fragmentofdecarabiansepic":64,"cataclysm:crystallized_coral":1,"alexscaves:moth_dust":2,"rogcontinued:mistveiledprimoelixir":64,"soulslikeuniverse:maleniasoul":2,"rpgsmw:edmantium_dust":64,"aquamirae:ship_graveyard_echo":1,"soulslikeuniverse:legendary_marikahammer":1,"alexscaves:shadow_silk":2,"rogcontinued:chainsofthedandeliongladiator":64,"rogcontinued:pieceofaerosiderite":64,"iceandfire:sea_serpent_scales_green":66,"iceandfire:dragonscales_sapphire":64,"rogcontinued:bitofaerosiderite":64,"born_in_chaos_v1:orbofthe_summoner":1,"ae2:certus_quartz_crystal":64,"soulslikeuniverse:spawnmagicmorgott":1,"epicpaladins:bloodstone_template":1,"alexscaves:uranium":64,"bosses_of_mass_destruction:crystal_fruit":1,"aquamirae:anglers_fang":1,"iceandfire:shiny_scales":2,"deeperdarker:soul_crystal":1,"soulslikeuniverse:spawnmagicradagon":1,"soulslikeuniverse:spawnmagicmalenia":1,"aether:zanite_gemstone":1,"alexsmobs:void_worm_eye":64,"rogcontinued:starsilverchunk":1,"soulslikeuniverse:legendarycruciblesword":1,"born_in_chaos_v1:fangofthe_hound_leader":2,"iceandfire:lightning_dragon_heart":2,"soulslikeuniverse:legendary_blackblade":1,"epicpaladins:moonlight_template":1,"alexscaves:telecore":1,"cardinal_sins:darksteelingot":1,"soulslikeuniverse:wingedcrucibleknight_chestplate":1,"soulslikeuniverse:sacredrelicsword":1,"rogcontinued:maskofthetigersbite":1,"iceandfire:dragonscales_copper":2,"epicpaladins:jade_template":1,"alexscaves:occult_gem":2,"blue_skies:regrowth_armor_trim_smithing_template":1,"rpgsmw:rangal":1,"rogcontinued:borealwolfsbrokenfang":64,"iceandfire:dragonsteel_ice_ingot":2,"rogcontinued:narukamisaffection":64,"aquamirae:rune_of_the_storm":1,"blue_skies:ventium_ingot":64,"rogcontinued:luminoussandsfromguyun":65,"rogcontinued:whiteironchunk":1,"deeperdarker:sculk_bone":1,"rpgsmw:biril_dust":64,"minecraft:diamond":93,"rpgsmw:nephris_dust":64,"soulslikeuniverse:godrickknight_leggings":1,"iceandfire:sea_serpent_scales_red":65,"twilightforest:raven_feather":1,"aether:ambrosium_shard":1,"twilightforest:alpha_yeti_fur":1,"cataclysm:crystallized_coral_fragments":1,"aether:swet_ball":1,"cataclysm:ancient_metal_ingot":1,"epicpaladins:steel_template":1,"cataclysm:ancient_metal_nugget":1,"alexscaves:sea_glass_shards":1,"twilightforest:arctic_fur":1,"aether:golden_amber":1,"soulslikeuniverse:knightsoul":2,"iceandfire:troll_leather_forest":1,"epicsamurai:ruby":64,"alexscaves:uranium_shard":1,"alexscaves:polarity_armor_trim_smithing_template":1,"rogcontinued:grainofaerosiderite":65,"soulslikeuniverse:smilesticker":2,"simplyswords:empowered_remnant":1}},"DataVersion":3465}