{"stats":{"minecraft:killed":{"minecraft:skeleton":2,"minecraft:magma_cube":1,"mekanismadditions:baby_enderman":1,"minecraft:iron_golem":2,"minecraft:zombie":1,"born_in_chaos_v1:dread_hound":1,"minecraft:blaze":4,"born_in_chaos_v1:maggot":1,"born_in_chaos_v1:bloody_gadfly":1},"minecraft:used":{"projecte:condenser_mk2":4,"fantasyfurniture:necrolord/chair":5,"create:copper_door":4,"minecraft:shield":2,"minecraft:chest":9,"projecte:alchemical_chest":2,"minecraft:stone":449,"securitycraft:security_camera":20,"securitycraft:username_logger":3,"minecraft:grass":1,"minecraft:farmland":1,"minecraft:soul_sand":1,"minecraft:obsidian":15,"securitycraft:camera_monitor":26,"create:train_trapdoor":1,"minecraft:quartz_slab":2,"minecraft:lantern":3,"projecte:rm_morning_star":131,"minecraft:dark_oak_slab":1,"minecraft:stone_bricks":4,"fantasyfurniture:royal/table_wide":1,"securitycraft:storage_module":1,"ironchest:obsidian_chest":38,"mcwdoors:metal_warning_door":2,"securitycraft:inventory_scanner":4,"securitycraft:door_indestructible_iron_item":2,"minecraft:oak_planks":16,"minecraft:redstone_block":5,"securitycraft:block_pocket_manager":1,"rechiseled:basalt_tiles_connecting":9,"rechiseled:dark_oak_planks_bricks_connecting":149,"securitycraft:reinforced_glowstone":44,"easy_villagers:villager":7,"projecte:transmutation_table":3,"fantasyfurniture:bone/wither/chair":1,"fantasyfurniture:nordic/chair":1,"minecraft:stone_button":1,"securitycraft:smart_module":5,"fantasyfurniture:necrolord/table_wide":1,"ironchest:trapped_crystal_chest":4,"minecraft:diamond_sword":11,"securitycraft:reinforced_netherite_block":60,"minecraft:grindstone":11,"minecraft:smithing_table":1,"create:framed_glass_door":5,"securitycraft:briefcase":4,"securitycraft:whitelist_module":23,"minecraft:enchanting_table":3,"create:brass_door":3,"minecraft:flint_and_steel":1,"minecraft:tinted_glass":2,"securitycraft:keypad_door_item":1,"securitycraft:disguise_module":12,"securitycraft:reinforced_bookshelf":257,"minecraft:torch":70,"securitycraft:reinforced_obsidian":42,"fantasyfurniture:royal/chair":2,"create:andesite_door":11,"scalinghealth:heart_crystal":17,"minecraft:hopper":31,"minecraft:spruce_stairs":14,"rechiseled:netherrack_brick_paving_connecting":11,"rechiseled:spruce_planks_bricks_connecting":4,"minecraft:light_blue_stained_glass":9,"securitycraft:keycard_reader":1,"minecraft:stone_brick_slab":5,"minecraft:dark_oak_planks":4,"minecraft:iron_block":81,"securitycraft:universal_block_modifier":46,"rechiseled:dark_oak_planks_beams_connecting":19,"rechiseled:dark_oak_planks_woven_connecting":7,"securitycraft:remote_access_sentry":1,"securitycraft:sentry":1,"securitycraft:sonic_security_system":2,"easy_villagers:auto_trader":5,"minecraft:glowstone":1,"rechiseled:warped_planks_rotated_bricks_connecting":6,"minecraft:golden_carrot":3,"securitycraft:reinforced_glass":89,"webdisplays:linker":6,"minecraft:water_bucket":4,"mcwdoors:metal_door":2,"mcwdoors:birch_japanese2_door":3,"securitycraft:projector":10,"webdisplays:keyboard":2,"fantasyfurniture:necrolord/table_large":1,"create:train_door":2,"minecraft:beacon":9,"avaritia:extreme_crafting_table":1,"create:framed_glass_trapdoor":1,"rechiseled:andesite_rotated_bricks_connecting":4,"minecraft:oak_slab":7,"minecraft:crafting_table":2,"securitycraft:reinforced_cauldron":1,"minecraft:white_bed":3,"minecraft:cyan_stained_glass":20,"minecraft:oak_log":1,"securitycraft:display_case":3,"fantasyfurniture:royal/table_large":1,"minecraft:command_block":2,"rechiseled:cobbled_deepslate_brick_paving_connecting":61,"epicsamurai:katana":67,"rechiseled:bone_block_decorated_bordered_connecting":10,"rechiseled:stone_smooth_brick_paving_connecting":79,"rechiseled:stone_smooth_brick_paving":9,"securitycraft:cage_trap":8,"rechiseled:dark_oak_planks_brick_pattern":168,"minecraft:yellow_bed":3,"alexsmobs:animal_dictionary":1,"securitycraft:reinforced_oak_stairs":4,"projecte:condenser_mk1":1,"webdisplays:screen":86,"securitycraft:glow_display_case":2},"minecraft:broken":{"securitycraft:codebreaker":1},"minecraft:mined":{"minecraft:red_nether_bricks":1,"minecraft:obsidian":5,"projecte:condenser_mk1":1,"projecte:condenser_mk2":1,"minecraft:fire":13,"minecraft:nether_brick_slab":1,"minecraft:oak_planks":3,"minecraft:wall_torch":1,"minecraft:grass":1,"minecraft:oak_leaves":1,"minecraft:nether_brick_wall":1,"projecte:alchemical_chest":2,"minecraft:andesite":8,"minecraft:nether_brick_fence":2,"minecraft:stone":32,"minecraft:glass_pane":1,"minecraft:diorite":1,"minecraft:gravel":5,"minecraft:cobweb":33,"minecraft:stone_bricks":1},"minecraft:picked_up":{"minecraft:redstone_block":1,"securitycraft:laser_block":1,"minecraft:stone_slab":1,"projecte:alchemical_chest":2,"projecte:condenser_mk1":1,"securitycraft:universal_key_changer":1,"projecte:condenser_mk2":1,"minecraft:string":32,"projecte:evertide_amulet":1,"ironfurnaces:rainbow_plating":1,"minecraft:netherite_ingot":1,"mysticalagriculture:inferium_essence":12,"securitycraft:wire_cutters":1,"minecraft:red_dye":1,"minecraft:coal_block":1,"securitycraft:keycard_lv5":1,"minecraft:stick":16117,"projecte:body_stone":1,"minecraft:cyan_stained_glass":1,"minecraft:torch":6,"ironfurnaces:million_furnace":1,"epicfight:skillbook":1,"minecraft:warped_button":1,"minecraft:diorite":11,"minecraft:black_dye":1,"projecte:watch_of_flowing_time":2,"minecraft:rotten_flesh":2,"securitycraft:harming_module":2,"minecraft:blue_dye":1,"securitycraft:blacklist_module":1,"securitycraft:storage_module":1,"minecraft:blaze_rod":1,"minecraft:obsidian":5,"minecraft:cobblestone":76,"minecraft:andesite":18,"securitycraft:cage_trap":2,"minecraft:magenta_dye":1,"minecraft:light_gray_dye":1,"securitycraft:trophy_system":1,"minecraft:purple_stained_glass":1,"securitycraft:retinal_scanner":1,"minecraft:lantern":1,"securitycraft:sentry":3,"born_in_chaos_v1:monster_skin":1,"minecraft:bone":1,"minecraft:light_blue_dye":1,"rechiseled:chisel":1,"minecraft:oak_planks":2,"projecte:black_hole_band":1,"minecraft:gray_stained_glass":1,"minecraft:ink_sac":1,"minecraft:grass_block":1,"rechiseled:stone_smooth_brick_paving":1,"minecraft:spruce_sign":1,"minecraft:cyan_dye":1,"securitycraft:remote_access_sentry":2,"minecraft:charcoal":1,"securitycraft:redstone_module":1,"minecraft:nether_wart":1,"minecraft:shield":1,"minecraft:white_carpet":9,"securitycraft:inventory_scanner":1,"securitycraft:keypad_frame":1,"born_in_chaos_v1:gnawed_bones":1,"securitycraft:smart_module":2,"minecraft:poppy":1,"rechiseled:dark_oak_planks_bricks_connecting":3,"minecraft:orange_dye":1,"minecraft:raw_iron":1,"minecraft:gray_dye":1,"minecraft:white_dye":1,"projecte:soul_stone":1,"securitycraft:keycard_reader":1,"minecraft:brown_dye":1,"minecraft:arrow":1,"projecte:volcanite_amulet":1,"securitycraft:username_logger":1,"born_in_chaos_v1:corpse_maggot":1,"minecraft:purple_dye":1,"securitycraft:speed_module":3,"minecraft:glow_ink_sac":1,"securitycraft:universal_owner_changer":1,"securitycraft:disguise_module":4,"minecraft:yellow_dye":1,"create:framed_glass_trapdoor":1,"securitycraft:sc_manual":1,"scalinghealth:heart_crystal":1,"ironfurnaces:rainbow_core":1,"securitycraft:glow_display_case":1,"minecraft:stone_bricks":1,"securitycraft:security_camera":2,"minecraft:iron_ingot":6,"securitycraft:sonic_security_system":1,"minecraft:green_dye":1,"scalinghealth:heart_crystal_shard":5,"epicsamurai:katana":1,"minecraft:light_gray_stained_glass":1,"minecraft:gravel":17,"minecraft:nether_brick_slab":2,"securitycraft:whitelist_module":5,"minecraft:lime_dye":1,"ironfurnaces:item_linker":1,"securitycraft:display_case":1,"securitycraft:keypad":1,"minecraft:pink_dye":1,"minecraft:ender_pearl":1},"minecraft:crafted":{"projecte:klein_star_drei":1,"projecte:swiftwolf_rending_gale":1,"projecte:gem_boots":1,"projecte:rm_axe":1,"projecte:rm_hammer":1,"projecte:red_matter_block":1,"sophisticatedbackpacks:crafting_upgrade":1,"projecte:gem_helmet":1,"projecte:condenser_mk2":1,"minecraft:quartz_block":1,"projecte:dark_matter_block":1,"minecraft:diamond_helmet":1,"projecte:rm_shears":1,"minecraft:diamond_leggings":1,"avaritia:crystal_matrix_ingot":1,"minecraft:chest":1,"avaritia:neutron_nugget":65,"avaritia:neutron_ingot":7,"projecte:dm_helmet":2,"minecraft:crafting_table":2,"sophisticatedbackpacks:advanced_feeding_upgrade":1,"sophisticatedbackpacks:feeding_upgrade":1,"projecte:rm_shovel":1,"avaritia:diamond_lattice":1,"sophisticatedbackpacks:diamond_backpack":1,"projecte:klein_star_ein":7,"minecraft:iron_block":6,"sophisticatedbackpacks:netherite_backpack":1,"projecte:condenser_mk1":1,"projecte:rm_pick":1,"projecte:gem_chestplate":1,"wom:antitheus":1,"projecte:dm_leggings":2,"minecraft:jukebox":1,"sophisticatedbackpacks:stack_upgrade_tier_3":1,"sophisticatedbackpacks:stack_upgrade_tier_4":1,"projecte:rm_morning_star":1,"sophisticatedbackpacks:stack_upgrade_tier_1":1,"projecte:dm_hammer":1,"projecte:rm_leggings":1,"sophisticatedbackpacks:stack_upgrade_starter_tier":1,"sophisticatedbackpacks:jukebox_upgrade":1,"projecte:gem_leggings":1,"projecte:dm_shears":1,"avaritia:compressed_crafting_table":1,"projecte:dm_pick":1,"projecte:rm_hoe":1,"minecraft:diamond_boots":1,"sophisticatedbackpacks:stack_upgrade_tier_2":1,"projecte:klein_star_vier":1,"projecte:klein_star_omega":1,"projecte:dm_axe":1,"sophisticatedbackpacks:iron_backpack":1,"projecte:dm_sword":1,"projecte:dm_hoe":1,"sophisticatedbackpacks:gold_backpack":1,"projecte:klein_star_sphere":1,"projecte:rm_helmet":1,"projecte:dm_chestplate":2,"projecte:dm_shovel":1,"avaritia:double_compressed_crafting_table":1,"projecte:dm_boots":2,"projecte:klein_star_zwei":1,"projecte:iron_band":1,"projecte:rm_chestplate":1,"projecte:rm_boots":1,"projecte:rm_sword":1,"avaritia:extreme_crafting_table":1,"minecraft:diamond_chestplate":1},"minecraft:custom":{"lootr:looted_stat":68,"minecraft:interact_with_crafting_table":67,"minecraft:leave_game":5,"minecraft:time_since_death":352259,"minecraft:sprint_one_cm":341656,"minecraft:drop":96,"minecraft:talked_to_villager":11,"minecraft:play_time":352259,"minecraft:jump":662,"minecraft:walk_on_water_one_cm":31985,"minecraft:waystone_activated":1,"minecraft:damage_dealt":3890,"minecraft:interact_with_beacon":29,"minecraft:crouch_one_cm":37065,"minecraft:interact_with_smithing_table":3,"minecraft:mob_kills":14,"minecraft:inspect_hopper":42,"minecraft:fill_cauldron":1,"minecraft:damage_dealt_resisted":20,"minecraft:climb_one_cm":2225,"minecraft:walk_one_cm":2533881,"minecraft:sneak_time":7816,"minecraft:walk_under_water_one_cm":61979,"minecraft:total_world_time":352259,"minecraft:time_since_rest":352259,"minecraft:damage_taken":265,"minecraft:trigger_trapped_chest":21,"minecraft:swim_one_cm":1307,"minecraft:fly_one_cm":733177,"minecraft:open_chest":169,"minecraft:fall_one_cm":8072},"minecraft:dropped":{"minecraft:orange_dye":1,"ironfurnaces:rainbow_core":1,"minecraft:glow_ink_sac":1,"minecraft:nether_star":1,"securitycraft:keypad_frame":1,"securitycraft:trophy_system":1,"born_in_chaos_v1:monster_skin":1,"minecraft:yellow_dye":1,"minecraft:gray_dye":1,"projecte:klein_star_omega":1,"securitycraft:whitelist_module":2,"minecraft:gravel":17,"ironfurnaces:item_linker":1,"minecraft:pink_dye":1,"minecraft:obsidian":66,"minecraft:rotten_flesh":2,"securitycraft:keycard_lv5":2,"minecraft:lime_dye":1,"minecraft:glowstone_dust":64,"securitycraft:sentry":1,"securitycraft:codebreaker":1,"minecraft:poppy":1,"create:framed_glass_trapdoor":1,"securitycraft:disguise_module":4,"minecraft:charcoal":1,"securitycraft:redstone_module":1,"mysticalagriculture:inferium_essence":11,"born_in_chaos_v1:corpse_maggot":1,"minecraft:white_dye":1,"rechiseled:chisel":1,"securitycraft:camera_monitor":1,"securitycraft:glow_display_case":1,"securitycraft:smart_module":1,"securitycraft:cage_trap":2,"minecraft:iron_ingot":5,"ironfurnaces:million_furnace":1,"minecraft:cyan_stained_glass":1,"minecraft:black_dye":1,"securitycraft:blacklist_module":1,"minecraft:cyan_dye":1,"securitycraft:security_camera":2,"minecraft:cobblestone":76,"minecraft:purple_dye":1,"securitycraft:universal_owner_changer":1,"minecraft:coal_block":1,"born_in_chaos_v1:gnawed_bones":1,"securitycraft:laser_block":1,"minecraft:blue_dye":1,"minecraft:diorite":11,"minecraft:ink_sac":1,"minecraft:torch":1,"minecraft:green_dye":1,"securitycraft:display_case":1,"securitycraft:username_logger":1,"securitycraft:wire_cutters":1,"minecraft:light_gray_stained_glass":1,"securitycraft:speed_module":1,"minecraft:red_dye":1,"securitycraft:sc_manual":1,"securitycraft:remote_access_sentry":1,"minecraft:string":32,"securitycraft:inventory_scanner":1,"minecraft:nether_brick_slab":2,"minecraft:brown_dye":1,"minecraft:gray_stained_glass":1,"minecraft:nether_wart":1,"minecraft:blaze_rod":1,"ironfurnaces:rainbow_plating":1,"minecraft:raw_iron":1,"minecraft:purple_stained_glass":1,"minecraft:light_blue_dye":1,"securitycraft:storage_module":1,"minecraft:andesite":18,"securitycraft:harming_module":1,"minecraft:light_gray_dye":1,"minecraft:warped_button":1,"securitycraft:universal_key_changer":1,"minecraft:magenta_dye":1,"securitycraft:sonic_security_system":1,"securitycraft:keycard_reader":1,"securitycraft:keypad":1,"securitycraft:retinal_scanner":1}},"DataVersion":3120}