{"stats":{"minecraft:crafted":{"minecraft:oak_planks":40,"minecraft:cooked_porkchop":9,"minecraft:crafting_table":1,"minecraft:wooden_pickaxe":1,"minecraft:furnace":1,"minecraft:copper_ingot":1674,"minecraft:stone_axe":1,"minecraft:air":0,"minecraft:stick":8,"minecraft:iron_pickaxe":1,"minecraft:stone_pickaxe":1,"minecraft:smoker":1},"minecraft:broken":{"minecraft:stone_pickaxe":1},"minecraft:picked_up":{"minecraft:birch_log":4,"minecraft:crafting_table":4,"minecraft:smoker":1,"minecraft:enchanted_book":1,"minecraft:waxed_copper_bulb":1,"minecraft:oak_log":10,"minecraft:waxed_copper_block":186,"minecraft:brick":8,"minecraft:dirt":5,"minecraft:bone":29,"minecraft:iron_ingot":5,"minecraft:trial_key":3,"minecraft:sugar_cane":21,"minecraft:oak_planks":29,"minecraft:furnace":1,"minecraft:egg":7,"minecraft:waxed_exposed_copper_bulb":1,"minecraft:porkchop":9,"minecraft:flow_pottery_sherd":1,"minecraft:arrow":15,"minecraft:dispenser":1,"minecraft:honey_bottle":1,"minecraft:decorated_pot":24,"minecraft:diamond_axe":1,"minecraft:emerald":5,"minecraft:oak_button":1,"minecraft:tuff_bricks":62,"minecraft:oak_sapling":2,"minecraft:cobblestone":19},"minecraft:mined":{"minecraft:waxed_exposed_copper_bulb":1,"minecraft:oak_sapling":1,"minecraft:smoker":1,"minecraft:crafting_table":4,"minecraft:short_grass":9,"minecraft:decorated_pot":1,"minecraft:sugar_cane":8,"minecraft:tuff_bricks":64,"minecraft:waxed_copper_bulb":1,"minecraft:furnace":1,"minecraft:birch_log":4,"minecraft:waxed_copper_block":184,"minecraft:oak_log":10,"minecraft:dirt":4,"minecraft:stone":20,"minecraft:dispenser":1,"minecraft:oak_leaves":4},"minecraft:killed":{"minecraft:pig":4,"minecraft:zombie":2,"minecraft:drowned":1},"minecraft:custom":{"minecraft:interact_with_furnace":1,"minecraft:mob_kills":7,"minecraft:interact_with_crafting_table":5,"minecraft:open_barrel":5,"minecraft:leave_game":4,"minecraft:time_since_death":53110,"minecraft:climb_one_cm":1732,"minecraft:time_since_rest":53110,"minecraft:sprint_one_cm":113504,"minecraft:damage_taken":364,"minecraft:walk_one_cm":96284,"minecraft:drop":4,"minecraft:damage_dealt":1254,"minecraft:swim_one_cm":17578,"minecraft:fly_one_cm":160955,"minecraft:open_chest":6,"minecraft:crouch_one_cm":19857,"minecraft:play_time":53110,"minecraft:sneak_time":6282,"minecraft:walk_under_water_one_cm":613,"minecraft:jump":826,"minecraft:walk_on_water_one_cm":2469,"minecraft:total_world_time":53110,"minecraft:interact_with_smoker":3,"minecraft:fall_one_cm":31418,"minecraft:inspect_dispenser":2},"minecraft:dropped":{"minecraft:decorated_pot":11,"minecraft:oak_sapling":1,"minecraft:brick":4,"minecraft:bone":29},"minecraft:used":{"minecraft:tuff_bricks":26,"minecraft:stone_pickaxe":130,"minecraft:decorated_pot":2,"minecraft:wooden_pickaxe":14,"minecraft:trial_key":3,"minecraft:dirt":5,"minecraft:crafting_table":4,"minecraft:smoker":1,"minecraft:iron_axe":1,"minecraft:iron_pickaxe":132,"minecraft:waxed_exposed_copper_bulb":1,"minecraft:stone_axe":21,"minecraft:cobblestone":5,"minecraft:furnace":1,"minecraft:oak_sapling":1,"minecraft:cooked_porkchop":7,"minecraft:waxed_copper_bulb":1}},"DataVersion":3953}