{"stats":{"minecraft:used":{"projecte:condenser_mk2":1,"fantasyfurniture:necrolord/chair":22,"create:copper_door":1,"minecraft:polished_deepslate":5,"projecte:dm_pedestal":90,"minecraft:stone":534,"projecte:rm_katar":7,"minecraft:soul_sand":2,"rechiseled:dark_oak_planks_pattern_connecting":124,"mekanism:basic_universal_cable":6,"minecraft:lava_bucket":1,"minecraft:bricks":177,"minecraft:quartz_slab":10,"projecte:rm_morning_star":298,"webdisplays:server":1,"minecraft:dark_oak_slab":7,"fantasyfurniture:dunmer/chair":26,"minecraft:stone_brick_stairs":13,"minecraft:stone_bricks":31,"fantasyfurniture:dunmer/table_large":2,"ironchest:obsidian_chest":24,"securitycraft:laser_block":11,"mekanismgenerators:gas_burning_generator":3,"securitycraft:harming_module":3,"minecraft:dark_oak_stairs":69,"minecraft:diorite":4,"minecraft:oak_planks":72,"minecraft:redstone_block":7,"rechiseled:dark_oak_planks_bricks_connecting":354,"minecraft:dark_oak_trapdoor":3,"minecraft:sand":19,"securitycraft:universal_block_remover":6,"minecraft:stone_brick_wall":1,"securitycraft:reinforced_glowstone":99,"minecraft:redstone_torch":9,"mekanism:crusher":2,"projecte:transmutation_table":6,"fantasyfurniture:nordic/table_large":6,"minecraft:black_concrete":5,"mekanism:metallurgic_infuser":2,"securitycraft:smart_module":3,"securitycraft:reinforced_netherite_block":971,"mekanism:ultimate_energy_cube":1,"minecraft:andesite":19,"born_in_chaos_v1:scorched_planks_trapdoor":17,"securitycraft:briefcase":1,"securitycraft:whitelist_module":3,"rechiseled:dark_oak_planks_bricks":9,"minecraft:oak_fence":3,"create:brass_door":6,"mekanism:enrichment_chamber":1,"minecraft:enchanting_table":19,"minecraft:flint_and_steel":2,"minecraft:redstone":18,"securitycraft:keypad_door_item":2,"securitycraft:disguise_module":4,"securitycraft:reinforced_bookshelf":344,"minecraft:dirt":12,"securitycraft:reinforced_obsidian":29,"scalinghealth:heart_crystal":5,"create:andesite_door":2,"fantasyfurniture:royal/chair":11,"minecraft:white_carpet":5,"minecraft:hopper":23,"minecraft:spruce_stairs":12,"mekanism:osmium_compressor":1,"minecraft:light_blue_stained_glass":18,"minecraft:stone_brick_slab":6,"minecraft:dark_oak_planks":10,"webdisplays:rctrl":2,"minecraft:bookshelf":9,"mekanismgenerators:heat_generator":6,"minecraft:iron_block":678,"minecraft:oak_stairs":18,"securitycraft:universal_block_modifier":5,"rechiseled:dark_oak_planks_beams_connecting":19,"securitycraft:remote_access_sentry":1,"securitycraft:sentry":9,"easy_villagers:auto_trader":1,"minecraft:glowstone":16,"minecraft:golden_carrot":4,"securitycraft:reinforced_glass":9,"securitycraft:reinforced_stone_brick_stairs":5,"webdisplays:screencfg":23,"webdisplays:linker":6,"minecraft:water_bucket":66,"securitycraft:projector":6,"webdisplays:keyboard":1,"avaritia:neutron_collector":49,"create:train_door":4,"securitycraft:panic_button":1,"minecraft:beacon":10,"avaritia:extreme_crafting_table":5,"rechiseled:andesite_rotated_bricks_connecting":1,"minecraft:oak_slab":57,"minecraft:crafting_table":6,"ironfurnaces:million_furnace":5,"minecraft:dark_oak_door":3,"minecraft:cyan_stained_glass":37,"minecraft:oak_log":16,"minecraft:netherite_block":5,"fantasyfurniture:royal/table_large":3,"ironfurnaces:netherite_furnace":24,"mekanism:elite_energy_cube":1,"rechiseled:cobbled_deepslate_brick_paving_connecting":65,"epicsamurai:katana":4,"minecraft:fishing_rod":4,"rechiseled:bone_block_decorated_bordered_connecting":18,"minecraft:bucket":1,"rechiseled:dark_oak_planks_brick_pattern":145,"minecraft:glass_pane":1,"alexsmobs:animal_dictionary":1,"webdisplays:screen":105},"minecraft:mined":{"minecraft:dark_oak_planks":1,"minecraft:grass_block":1,"minecraft:hopper":3,"projecte:condenser_mk2":1,"minecraft:fire":2,"avaritia:extreme_crafting_table":3,"minecraft:oak_planks":1,"minecraft:bricks":7,"ironchest:obsidian_chest":4,"minecraft:grass":3,"rechiseled:dark_oak_planks_pattern_connecting":7,"minecraft:dirt":3,"minecraft:deepslate":1,"ironfurnaces:million_furnace":2,"mekanismgenerators:heat_generator":4,"minecraft:andesite":18,"mekanismgenerators:gas_burning_generator":3,"avaritia:neutron_collector":29,"projecte:dm_pedestal":70,"minecraft:stone":7,"mekanism:crusher":1,"mekanism:elite_energy_cube":1,"minecraft:rose_bush":1,"mekanism:metallurgic_infuser":1,"projecte:transmutation_table":3,"minecraft:white_carpet":1,"easy_villagers:auto_trader":1},"minecraft:crafted":{"mekanismgenerators:solar_generator":1,"mekanism:ingot_osmium":0,"mekanismgenerators:gas_burning_generator":1,"projecte:swiftwolf_rending_gale":1,"mekanism:electrolytic_core":1,"projecte:gem_boots":1,"mekanism:atomic_disassembler":1,"mekanism:advanced_energy_cube":1,"mekanismgenerators:heat_generator":1,"projecte:gem_helmet":1,"projecte:dark_matter_block":12,"minecraft:quartz_block":16,"minecraft:glass":1,"mekanism:elite_energy_cube":1,"avaritia:crystal_matrix_ingot":1,"projecte:aeternalis_fuel_block":7,"mekanismtools:refined_obsidian_helmet":1,"projecte:evertide_amulet":1,"projecte:body_stone":1,"mekanism:energy_tablet":2,"avaritia:neutron_nugget":715,"avaritia:neutron_ingot":64,"projecte:dm_helmet":2,"projecte:black_hole_band":1,"minecraft:clock":1,"projecte:soul_stone":1,"avaritia:diamond_lattice":1,"mekanism:steel_casing":6,"mekanism:crusher":1,"mekanismtools:refined_obsidian_leggings":2,"minecraft:iron_block":1,"mekanismtools:refined_obsidian_boots":1,"mekanism:osmium_compressor":1,"projecte:gem_chestplate":1,"epicsamurai:katana":1,"projecte:dm_leggings":2,"mekanism:basic_universal_cable":8,"mekanismgenerators:wind_generator":1,"projecte:rm_leggings":1,"fantasyfurniture:royal/table_large":2,"projecte:gem_leggings":1,"minecraft:glass_pane":16,"mekanismgenerators:bio_generator":1,"avaritia:compressed_crafting_table":64,"mekanismgenerators:advanced_solar_generator":1,"projecte:watch_of_flowing_time":1,"mekanismtools:refined_obsidian_chestplate":1,"projecte:volcanite_amulet":1,"minecraft:sugar":64,"fantasyfurniture:royal/chair":2,"mekanism:ultimate_energy_cube":1,"epicsamurai:katana_handle":1,"mekanism:metallurgic_infuser":1,"projecte:dm_pedestal":1,"projecte:rm_helmet":1,"minecraft:glowstone":3,"minecraft:air":0,"projecte:dm_chestplate":2,"mekanism:upgrade_speed":1,"avaritia:double_compressed_crafting_table":7,"projecte:dm_boots":2,"mekanism:basic_energy_cube":1,"minecraft:gold_nugget":9,"mekanism:enrichment_chamber":1,"projecte:iron_band":2,"projecte:rm_chestplate":1,"mekanism:advanced_control_circuit":2,"projecte:rm_boots":1,"avaritia:extreme_crafting_table":1,"mekanismgenerators:solar_panel":1},"minecraft:picked_up":{"minecraft:wheat":64,"securitycraft:keypad_item":1,"minecraft:redstone_block":64,"minecraft:ender_chest":1,"mekanism:raw_uranium":1,"minecraft:smithing_table":1,"securitycraft:laser_block":1,"minecraft:diamond_sword":1,"projecte:condenser_mk2":1,"ironfurnaces:augment_factory":24,"born_in_chaos_v1:black_argillite":4,"projecte:dm_furnace":1,"minecraft:string":64,"mekanismgenerators:heat_generator":4,"ironfurnaces:rainbow_plating":1,"minecraft:raw_copper":115,"projecte:aeternalis_fuel":1,"minecraft:diamond_leggings":1,"mysticalagriculture:inferium_essence":62,"mekanism:upgrade_speed":8,"minecraft:cobbled_deepslate":845,"securitycraft:keycard_lv1":1,"minecraft:rose_bush":1,"minecraft:redstone_torch":66,"minecraft:ender_eye":64,"projecte:dm_axe":1,"securitycraft:codebreaker":1,"securitycraft:keycard_lv3":1,"avaritia:neutron_collector":29,"securitycraft:keycard_lv5":2,"minecraft:furnace":1,"minecraft:stick":64,"ironchest:obsidian_chest":1,"minecraft:torch":15,"avaritia:neutron_pile":1284,"ironfurnaces:million_furnace":2,"securitycraft:camera_monitor":2,"minecraft:diorite":49,"mekanism:raw_tin":41,"minecraft:black_dye":64,"projecte:watch_of_flowing_time":66,"securitycraft:harming_module":1,"minecraft:iron_block":1,"projecte:alchemical_coal":1,"securitycraft:blacklist_module":1,"avaritia:extreme_crafting_table":4,"minecraft:glowstone":1,"minecraft:bookshelf":1,"securitycraft:universal_block_reinforcer_lvl2":1,"minecraft:netherite_chestplate":1,"securitycraft:storage_module":1,"ironfurnaces:item_copy":1,"minecraft:blaze_rod":64,"securitycraft:keycard_lv2":1,"minecraft:obsidian":64,"minecraft:cobblestone":1282,"minecraft:enchanting_table":1,"minecraft:water_bucket":1,"minecraft:andesite":147,"minecraft:copper_block":1,"securitycraft:cage_trap":1,"minecraft:flint":64,"minecraft:tuff":115,"create:raw_zinc":57,"securitycraft:retinal_scanner":1,"minecraft:wither_skeleton_skull":1,"minecraft:netherite_leggings":1,"minecraft:dirt":20,"minecraft:lantern":4,"securitycraft:sentry":3,"minecraft:glass":1,"minecraft:bow":1,"minecraft:wheat_seeds":3,"projecte:dm_shovel":1,"projecte:high_covalence_dust":1,"rechiseled:chisel":1,"minecraft:rabbit":4,"minecraft:diamond_helmet":1,"minecraft:glowstone_dust":64,"minecraft:oak_planks":3,"minecraft:ghast_tear":1,"mekanism:metallurgic_infuser":1,"minecraft:dropper":64,"minecraft:sand":78,"rechiseled:dark_oak_planks_pattern_connecting":7,"minecraft:diamond_block":1,"securitycraft:universal_block_remover":1,"minecraft:netherite_block":1,"securitycraft:reinforced_stone_brick_stairs":1,"create:crimsite":7,"projecte:repair_talisman":1,"minecraft:dispenser":64,"minecraft:deepslate":1,"minecraft:diamond":5,"minecraft:netherite_helmet":1,"webdisplays:minepad":1,"minecraft:granite":80,"minecraft:bone_meal":64,"projecte:dm_hammer":1,"projecte:transmutation_table":3,"minecraft:spruce_sign":6,"minecraft:golden_horse_armor":1,"minecraft:bricks":43,"minecraft:nether_star":1,"securitycraft:remote_access_sentry":3,"minecraft:crafting_table":1,"projecte:klein_star_omega":1,"securitycraft:redstone_module":1,"projecte:dm_pick":1,"projecte:rm_axe":1,"minecraft:gold_block":1,"minecraft:diamond_horse_armor":1,"projecte:dm_shears":1,"minecraft:flint_and_steel":1,"minecraft:white_carpet":9,"projecte:rm_furnace":1,"securitycraft:inventory_scanner":1,"securitycraft:reinforced_netherite_block":6,"minecraft:netherite_sword":1,"securitycraft:keypad_frame":1,"minecraft:beef":2,"securitycraft:smart_module":1,"minecraft:iron_nugget":1,"minecraft:light_gray_wool":8,"minecraft:chest":1,"rechiseled:dark_oak_planks_bricks_connecting":2,"minecraft:raw_iron":25,"minecraft:stone":1,"minecraft:copper_ingot":64,"projecte:rm_pick":1,"minecraft:white_dye":64,"securitycraft:keycard_reader":1,"minecraft:redstone":64,"securitycraft:briefcase":1,"minecraft:dark_oak_planks":1,"mekanism:crusher":1,"minecraft:tnt":64,"projecte:dm_sword":1,"ironfurnaces:obsidian_furnace":1,"minecraft:arrow":1,"minecraft:diamond_chestplate":1,"projecte:dm_hoe":1,"minecraft:diamond_boots":1,"projecte:dm_pedestal":107,"minecraft:mutton":2,"minecraft:skeleton_skull":1,"minecraft:white_wool":53,"securitycraft:username_logger":1,"projecte:low_covalence_dust":1,"minecraft:netherite_boots":1,"minecraft:golden_carrot":64,"securitycraft:disguise_module":2,"securitycraft:speed_module":2,"mekanismgenerators:gas_burning_generator":3,"minecraft:oak_log":1,"minecraft:ancient_debris":1,"securitycraft:keypad_chest":1,"minecraft:gunpowder":64,"ironfurnaces:rainbow_core":1,"minecraft:stone_bricks":4,"securitycraft:security_camera":1,"minecraft:iron_ingot":64,"ironfurnaces:augment_speed":27,"securitycraft:universal_block_reinforcer_lvl1":1,"projecte:mobius_fuel":1,"minecraft:gravel":39,"minecraft:lava_bucket":1,"minecraft:amethyst_shard":64,"securitycraft:portable_radar":1,"minecraft:white_bed":1,"projecte:medium_covalence_dust":1,"securitycraft:limited_use_keycard":1,"mekanism:raw_osmium":30,"securitycraft:whitelist_module":4,"ironfurnaces:augment_blasting":27,"ironfurnaces:item_linker":1,"mekanism:elite_energy_cube":2,"minecraft:gray_wool":2,"securitycraft:universal_block_modifier":2,"securitycraft:keypad":1,"minecraft:black_wool":5,"securitycraft:keycard_lv4":1,"minecraft:hopper":3,"minecraft:ender_pearl":16},"minecraft:custom":{"lootr:looted_stat":2,"minecraft:interact_with_crafting_table":86,"minecraft:leave_game":4,"minecraft:time_since_death":364542,"minecraft:sprint_one_cm":239261,"minecraft:drop":203,"minecraft:talked_to_villager":3,"minecraft:play_time":364542,"minecraft:jump":631,"minecraft:walk_on_water_one_cm":43049,"minecraft:interact_with_furnace":66,"minecraft:damage_dealt":580,"minecraft:interact_with_beacon":21,"minecraft:crouch_one_cm":31733,"minecraft:mob_kills":1,"minecraft:inspect_hopper":10,"minecraft:climb_one_cm":230,"minecraft:walk_one_cm":2110988,"minecraft:sneak_time":6050,"minecraft:walk_under_water_one_cm":37342,"minecraft:total_world_time":364542,"minecraft:time_since_rest":364542,"minecraft:damage_taken":235,"minecraft:swim_one_cm":3862,"minecraft:fly_one_cm":465865,"minecraft:open_chest":50,"minecraft:fall_one_cm":16584},"minecraft:dropped":{"ironfurnaces:rainbow_core":1,"projecte:dm_hoe":1,"minecraft:oak_log":1,"minecraft:ender_pearl":16,"minecraft:crafting_table":1,"create:crimsite":7,"projecte:rm_furnace":1,"ironfurnaces:item_copy":1,"projecte:rm_pick":1,"projecte:dm_sword":1,"minecraft:flint":64,"minecraft:gold_block":1,"minecraft:dirt":8,"securitycraft:keypad_frame":1,"minecraft:dispenser":64,"mekanism:upgrade_speed":8,"minecraft:netherite_boots":1,"projecte:dm_pedestal":18,"minecraft:amethyst_shard":64,"minecraft:bone_meal":64,"minecraft:sand":64,"minecraft:white_wool":53,"projecte:volcanite_amulet":1,"securitycraft:whitelist_module":1,"minecraft:gravel":39,"projecte:rm_axe":1,"securitycraft:portable_radar":1,"minecraft:ancient_debris":1,"minecraft:diamond_block":1,"ironfurnaces:item_linker":1,"minecraft:iron_nugget":1,"minecraft:cobbled_deepslate":904,"minecraft:netherite_sword":1,"projecte:dm_axe":1,"minecraft:wheat":64,"epicsamurai:katana":1,"rechiseled:stone_smooth_brick_paving":1,"securitycraft:keycard_lv5":1,"securitycraft:universal_block_modifier":2,"minecraft:oak_planks":1,"projecte:dm_furnace":1,"minecraft:white_bed":1,"projecte:medium_covalence_dust":1,"securitycraft:sentry":1,"securitycraft:keypad_item":1,"projecte:alchemical_coal":1,"projecte:dm_pick":1,"minecraft:gunpowder":64,"securitycraft:disguise_module":1,"minecraft:skeleton_skull":1,"minecraft:dropper":64,"securitycraft:redstone_module":1,"securitycraft:keycard_lv3":1,"mysticalagriculture:inferium_essence":62,"projecte:watch_of_flowing_time":1,"minecraft:glowstone":1,"minecraft:chest":1,"rechiseled:chisel":1,"securitycraft:keycard_lv4":1,"minecraft:white_dye":64,"securitycraft:camera_monitor":1,"minecraft:arrow":1,"minecraft:glass":1,"avaritia:neutron_nugget":11,"minecraft:ghast_tear":1,"securitycraft:smart_module":1,"minecraft:enchanting_table":1,"securitycraft:cage_trap":1,"minecraft:water_bucket":1,"minecraft:iron_ingot":64,"webdisplays:minepad":1,"minecraft:black_dye":64,"minecraft:wheat_seeds":1,"securitycraft:limited_use_keycard":1,"minecraft:tnt":64,"minecraft:copper_block":1,"securitycraft:blacklist_module":1,"minecraft:smithing_table":1,"minecraft:golden_horse_armor":1,"minecraft:bookshelf":1,"minecraft:diamond_leggings":1,"securitycraft:security_camera":1,"minecraft:netherite_helmet":1,"minecraft:netherite_chestplate":1,"minecraft:cobblestone":1186,"projecte:body_stone":1,"projecte:black_hole_band":1,"minecraft:granite":80,"minecraft:copper_ingot":64,"mekanism:elite_energy_cube":1,"minecraft:stick":64,"minecraft:lava_bucket":1,"minecraft:iron_block":1,"minecraft:diamond_horse_armor":1,"projecte:dm_shears":1,"securitycraft:laser_block":1,"minecraft:gray_wool":2,"born_in_chaos_v1:black_argillite":4,"minecraft:diorite":13,"minecraft:golden_carrot":64,"projecte:aeternalis_fuel":1,"securitycraft:keycard_lv2":1,"mekanism:raw_uranium":1,"securitycraft:keycard_lv1":1,"securitycraft:username_logger":1,"minecraft:diamond_helmet":1,"securitycraft:speed_module":1,"ironfurnaces:obsidian_furnace":1,"securitycraft:remote_access_sentry":4,"minecraft:string":64,"projecte:evertide_amulet":1,"securitycraft:inventory_scanner":1,"minecraft:redstone_block":65,"minecraft:redstone":64,"minecraft:furnace":1,"securitycraft:universal_block_reinforcer_lvl2":1,"minecraft:ender_chest":1,"minecraft:blaze_rod":64,"minecraft:deepslate":1,"minecraft:tuff":115,"ironfurnaces:rainbow_plating":1,"minecraft:raw_iron":25,"minecraft:wither_skeleton_skull":1,"minecraft:light_gray_wool":8,"projecte:repair_talisman":1,"minecraft:stone_slab":1,"minecraft:ender_eye":64,"minecraft:glass_pane":13,"minecraft:netherite_leggings":1,"minecraft:flint_and_steel":1,"securitycraft:universal_block_remover":1,"minecraft:diamond_sword":1,"projecte:dm_shovel":1,"minecraft:stone":1,"minecraft:diamond_chestplate":1,"securitycraft:storage_module":1,"minecraft:netherite_block":1,"projecte:high_covalence_dust":1,"projecte:dm_hammer":1,"minecraft:andesite":65,"projecte:soul_stone":1,"minecraft:redstone_torch":64,"securitycraft:harming_module":1,"projecte:mobius_fuel":1,"securitycraft:briefcase":1,"minecraft:diamond_boots":1,"minecraft:bow":1,"securitycraft:universal_block_reinforcer_lvl1":1,"securitycraft:keypad_chest":1,"projecte:low_covalence_dust":1,"securitycraft:keycard_reader":1,"securitycraft:keypad":1,"securitycraft:retinal_scanner":1,"minecraft:black_wool":5},"minecraft:killed":{"minecraft:iron_golem":1}},"DataVersion":3120}