{"stats":{"minecraft:crafted":{"minecraft:oak_planks":24,"minecraft:crafting_table":2,"minecraft:iron_helmet":1,"minecraft:copper_ingot":1083,"minecraft:stone_axe":1,"minecraft:diamond_pickaxe":1,"minecraft:iron_boots":1,"minecraft:iron_chestplate":1,"minecraft:stick":20,"minecraft:iron_pickaxe":1,"minecraft:stone_pickaxe":2,"minecraft:stone_sword":1,"minecraft:iron_shovel":1,"minecraft:iron_leggings":1,"minecraft:sandstone":51,"minecraft:torch":4},"minecraft:broken":{"minecraft:stone_pickaxe":1,"minecraft:stone_sword":1,"minecraft:iron_pickaxe":1},"minecraft:picked_up":{"minecraft:iron_chestplate":1,"minecraft:crafting_table":5,"minecraft:wheat":21,"minecraft:feather":4,"minecraft:glow_ink_sac":5,"minecraft:filled_map":1,"minecraft:tuff":5,"minecraft:oak_log":48,"minecraft:waxed_copper_block":165,"minecraft:brick":6,"minecraft:wind_charge":4,"minecraft:string":50,"minecraft:lapis_lazuli":75,"minecraft:dirt":32,"minecraft:paper":17,"minecraft:iron_axe":1,"minecraft:iron_leggings":1,"minecraft:iron_shovel":1,"minecraft:bone":2,"minecraft:cobbled_deepslate":22,"minecraft:raw_gold":24,"minecraft:heart_of_the_sea":1,"minecraft:trial_key":1,"minecraft:stone_pickaxe":1,"minecraft:iron_nugget":11,"minecraft:iron_pickaxe":1,"minecraft:moss_block":2,"minecraft:sugar_cane":28,"minecraft:oak_planks":1,"minecraft:waxed_oxidized_copper":4,"minecraft:egg":1,"minecraft:iron_boots":1,"minecraft:raw_iron":44,"minecraft:sandstone":37,"minecraft:cooked_porkchop":51,"minecraft:copper_ingot":15,"minecraft:oak_fence":2,"minecraft:torch":12,"minecraft:flow_pottery_sherd":1,"minecraft:sand":223,"minecraft:redstone":36,"minecraft:arrow":2,"minecraft:prismarine_crystals":2,"minecraft:spider_eye":5,"minecraft:tnt":4,"minecraft:stone_sword":1,"minecraft:rotten_flesh":13,"minecraft:cooked_cod":6,"minecraft:diamond":34,"minecraft:iron_helmet":1,"minecraft:gold_ingot":3,"minecraft:tuff_bricks":6,"minecraft:coal":15,"minecraft:cobblestone":58},"minecraft:killed_by":{"minecraft:creeper":2},"minecraft:mined":{"minecraft:deepslate_redstone_ore":8,"minecraft:tuff":5,"minecraft:deepslate_diamond_ore":34,"minecraft:powder_snow":2,"minecraft:torch":2,"minecraft:oak_fence":2,"minecraft:crafting_table":3,"minecraft:grass_block":1,"minecraft:decorated_pot":2,"minecraft:cobblestone":4,"minecraft:deepslate_gold_ore":24,"minecraft:oak_planks":1,"minecraft:sugar_cane":8,"minecraft:sandstone":31,"minecraft:tuff_bricks":2,"minecraft:wall_torch":6,"minecraft:spawner":4,"minecraft:seagrass":1,"minecraft:waxed_oxidized_cut_copper":2,"minecraft:iron_ore":18,"minecraft:birch_leaves":3,"minecraft:waxed_copper_block":127,"minecraft:waxed_oxidized_copper":4,"minecraft:deepslate_lapis_ore":11,"minecraft:coal_ore":13,"minecraft:oak_log":17,"minecraft:deepslate_iron_ore":14,"minecraft:sand":221,"minecraft:cobweb":37,"minecraft:stone":36,"minecraft:oak_leaves":7,"minecraft:deepslate":12},"minecraft:killed":{"minecraft:cave_spider":9,"minecraft:spider":3,"minecraft:skeleton":2,"minecraft:zombie":12},"minecraft:custom":{"minecraft:mob_kills":28,"minecraft:open_barrel":1,"minecraft:interact_with_crafting_table":8,"minecraft:climb_one_cm":2462,"minecraft:leave_game":11,"minecraft:time_since_death":40936,"minecraft:time_since_rest":40961,"minecraft:sprint_one_cm":245371,"minecraft:damage_taken":2882,"minecraft:walk_one_cm":181943,"minecraft:drop":41,"minecraft:damage_dealt":4387,"minecraft:swim_one_cm":65821,"minecraft:fly_one_cm":161025,"minecraft:open_chest":8,"minecraft:crouch_one_cm":22940,"minecraft:play_time":98348,"minecraft:deaths":2,"minecraft:sneak_time":11212,"minecraft:walk_under_water_one_cm":17004,"minecraft:jump":1175,"minecraft:walk_on_water_one_cm":36939,"minecraft:total_world_time":98348,"minecraft:fall_one_cm":26351,"minecraft:inspect_dispenser":1},"minecraft:dropped":{"minecraft:tuff_bricks":6,"minecraft:moss_block":2,"minecraft:glow_ink_sac":5,"minecraft:cobbled_deepslate":11,"minecraft:tuff":2,"minecraft:cooked_porkchop":7,"minecraft:oak_fence":2,"minecraft:feather":4,"minecraft:prismarine_crystals":2,"minecraft:rotten_flesh":12,"minecraft:oak_planks":3,"minecraft:waxed_copper_block":1,"minecraft:stick":4,"minecraft:filled_map":1,"minecraft:leather_chestplate":1,"minecraft:dirt":20,"minecraft:spider_eye":4,"minecraft:sandstone":6,"minecraft:sand":3,"minecraft:arrow":2,"minecraft:brick":6,"minecraft:bone":1},"minecraft:used":{"minecraft:stone_sword":96,"minecraft:iron_shovel":148,"minecraft:stone_pickaxe":140,"minecraft:oak_planks":4,"minecraft:sandstone":76,"minecraft:trial_key":1,"minecraft:iron_chestplate":1,"minecraft:torch":8,"minecraft:dirt":12,"minecraft:sand":13,"minecraft:crafting_table":5,"minecraft:tuff":3,"minecraft:waxed_oxidized_copper":4,"minecraft:oak_log":1,"minecraft:diamond_pickaxe":12,"minecraft:wind_charge":4,"minecraft:bread":1,"minecraft:iron_pickaxe":227,"minecraft:stone_axe":11,"minecraft:cobblestone":24,"minecraft:cooked_cod":4,"minecraft:cooked_porkchop":24,"minecraft:egg":1,"minecraft:cobbled_deepslate":11}},"DataVersion":3953}