{"stats":{"minecraft:crafted":{"minecraft:crafting_table":4,"minecraft:stick":16,"minecraft:wooden_pickaxe":2,"minecraft:stone_pickaxe":2,"minecraft:wooden_axe":2,"minecraft:dark_oak_planks":24,"minecraft:birch_planks":24,"minecraft:stone_axe":2},"minecraft:picked_up":{"minecraft:birch_log":6,"minecraft:crafting_table":1,"minecraft:raw_iron":10,"minecraft:cooked_porkchop":6,"minecraft:glow_ink_sac":2,"minecraft:andesite":19,"minecraft:dark_oak_log":14,"minecraft:dirt":11,"minecraft:tropical_fish":1,"minecraft:glow_berries":1,"minecraft:cobblestone":89},"minecraft:mined":{"minecraft:birch_log":6,"minecraft:iron_ore":10,"minecraft:birch_leaves":1,"minecraft:dark_oak_log":15,"minecraft:andesite":19,"minecraft:crafting_table":1,"minecraft:grass_block":4,"minecraft:dirt":7,"minecraft:cobblestone":1,"minecraft:stone":88},"minecraft:killed":{"minecraft:zombie":1},"minecraft:custom":{"minecraft:time_since_rest":5591,"minecraft:sprint_one_cm":12793,"minecraft:damage_taken":340,"minecraft:walk_one_cm":25133,"minecraft:mob_kills":1,"minecraft:drop":1,"minecraft:damage_dealt":343,"minecraft:swim_one_cm":31563,"minecraft:interact_with_crafting_table":4,"minecraft:fly_one_cm":12966,"minecraft:play_time":13816,"minecraft:deaths":1,"minecraft:sneak_time":128,"minecraft:walk_under_water_one_cm":6043,"minecraft:jump":87,"minecraft:leave_game":1,"minecraft:time_since_death":5567,"minecraft:walk_on_water_one_cm":11822,"minecraft:total_world_time":13816,"minecraft:fall_one_cm":4195},"minecraft:dropped":{"minecraft:dirt":1},"minecraft:used":{"minecraft:wooden_axe":9,"minecraft:stone_pickaxe":92,"minecraft:wooden_pickaxe":28,"minecraft:stone_axe":6,"minecraft:dirt":6,"minecraft:cobblestone":2,"minecraft:crafting_table":4}},"DataVersion":3953}