{"stats":{"minecraft:crafted":{"minecraft:crafting_table":1,"minecraft:wooden_pickaxe":1,"minecraft:iron_helmet":1,"minecraft:furnace":2,"minecraft:copper_ingot":306,"minecraft:bucket":1,"minecraft:birch_planks":28,"minecraft:air":0,"minecraft:iron_chestplate":1,"minecraft:iron_boots":1,"minecraft:shield":1,"minecraft:iron_axe":1,"minecraft:stick":8,"minecraft:iron_ingot":39,"minecraft:iron_pickaxe":2,"minecraft:stone_pickaxe":1,"minecraft:iron_leggings":1},"minecraft:picked_up":{"minecraft:birch_log":7,"minecraft:crafting_table":4,"minecraft:iron_chestplate":1,"minecraft:clay_ball":4,"minecraft:enchanted_book":2,"minecraft:tuff":7,"minecraft:waxed_copper_block":163,"minecraft:shield":1,"minecraft:brick":19,"minecraft:wind_charge":3,"minecraft:dirt":5,"minecraft:bone":29,"minecraft:bow":2,"minecraft:cobbled_deepslate":4,"minecraft:raw_gold":18,"minecraft:iron_ingot":7,"minecraft:trial_key":7,"minecraft:moss_block":5,"minecraft:birch_sapling":1,"minecraft:flowering_azalea":1,"minecraft:oxidized_cut_copper":3,"minecraft:waxed_oxidized_copper":4,"minecraft:furnace":4,"minecraft:tipped_arrow":20,"minecraft:dark_oak_sapling":1,"minecraft:stick":4,"minecraft:raw_iron":40,"minecraft:stone_button":1,"minecraft:waxed_copper_grate":2,"minecraft:redstone":78,"minecraft:arrow":129,"minecraft:honey_bottle":1,"minecraft:rotten_flesh":9,"minecraft:diamond":6,"minecraft:decorated_pot":16,"minecraft:waxed_oxidized_copper_grate":1,"minecraft:waxed_oxidized_cut_copper_stairs":1,"minecraft:breeze_rod":4,"minecraft:granite":1,"minecraft:golden_apple":1,"minecraft:emerald":27,"minecraft:bread":3,"minecraft:baked_potato":1,"minecraft:tuff_bricks":9,"minecraft:coal":64,"minecraft:chiseled_tuff_bricks":5,"minecraft:bone_block":1,"minecraft:cobblestone":51},"minecraft:mined":{"minecraft:deepslate_redstone_ore":11,"minecraft:tuff":5,"minecraft:dark_oak_leaves":7,"minecraft:deepslate_diamond_ore":6,"minecraft:powder_snow":5,"minecraft:clay":1,"minecraft:crafting_table":5,"minecraft:granite":1,"minecraft:short_grass":5,"minecraft:grass_block":2,"minecraft:decorated_pot":24,"minecraft:sculk_sensor":2,"minecraft:cobblestone":2,"minecraft:tall_grass":3,"minecraft:deepslate_gold_ore":9,"minecraft:chiseled_tuff_bricks":5,"minecraft:moss_block":5,"minecraft:sculk":1,"minecraft:tuff_bricks":10,"minecraft:oxidized_cut_copper":3,"minecraft:redstone_ore":6,"minecraft:furnace":4,"minecraft:waxed_oxidized_copper_grate":1,"minecraft:waxed_copper_grate":2,"minecraft:birch_log":7,"minecraft:iron_ore":39,"minecraft:fire":2,"minecraft:waxed_oxidized_cut_copper_stairs":1,"minecraft:birch_leaves":1,"minecraft:waxed_copper_block":167,"minecraft:coal_ore":26,"minecraft:deepslate_iron_ore":1,"minecraft:waxed_oxidized_copper":2,"minecraft:dirt":3,"minecraft:stone":49,"minecraft:bone_block":1,"minecraft:gold_ore":9,"minecraft:oak_leaves":1,"minecraft:deepslate":4},"minecraft:killed":{"minecraft:skeleton":24,"minecraft:zombie":6,"minecraft:stray":8,"minecraft:breeze":2},"minecraft:custom":{"minecraft:interact_with_furnace":20,"minecraft:mob_kills":43,"minecraft:interact_with_crafting_table":13,"minecraft:open_barrel":7,"minecraft:leave_game":4,"minecraft:time_since_death":70699,"minecraft:climb_one_cm":5267,"minecraft:time_since_rest":70699,"minecraft:sprint_one_cm":175492,"minecraft:damage_taken":1317,"minecraft:walk_one_cm":156491,"minecraft:damage_blocked_by_shield":2600,"minecraft:drop":29,"minecraft:damage_dealt":8220,"minecraft:swim_one_cm":18817,"minecraft:fly_one_cm":167438,"minecraft:open_chest":9,"minecraft:crouch_one_cm":38534,"minecraft:play_time":70699,"minecraft:sneak_time":11914,"minecraft:walk_under_water_one_cm":6375,"minecraft:jump":983,"minecraft:walk_on_water_one_cm":15554,"minecraft:total_world_time":70699,"minecraft:inspect_dispenser":4,"minecraft:fall_one_cm":27565},"minecraft:dropped":{"minecraft:tuff_bricks":1,"minecraft:baked_potato":1,"minecraft:tuff":2,"minecraft:decorated_pot":15,"minecraft:oxidized_cut_copper":1,"minecraft:rotten_flesh":9,"minecraft:clay_ball":4,"minecraft:waxed_copper_grate":2,"minecraft:waxed_copper_block":1,"minecraft:tipped_arrow":20,"minecraft:shield":1,"minecraft:trial_key":4,"minecraft:waxed_oxidized_copper":4,"minecraft:bone_block":1,"minecraft:arrow":68,"minecraft:bone":29,"minecraft:brick":19},"minecraft:used":{"minecraft:tuff_bricks":7,"minecraft:moss_block":4,"minecraft:water_bucket":18,"minecraft:birch_planks":11,"minecraft:stone_pickaxe":112,"minecraft:decorated_pot":1,"minecraft:shield":72,"minecraft:wooden_pickaxe":3,"minecraft:trial_key":3,"minecraft:oxidized_cut_copper":2,"minecraft:dirt":5,"minecraft:crafting_table":5,"minecraft:tuff":5,"minecraft:waxed_oxidized_copper_grate":1,"minecraft:iron_axe":133,"minecraft:wind_charge":1,"minecraft:birch_sapling":1,"minecraft:iron_pickaxe":259,"minecraft:chiseled_tuff_bricks":3,"minecraft:cobblestone":32,"minecraft:furnace":4,"minecraft:cooked_porkchop":17,"minecraft:waxed_oxidized_cut_copper_stairs":1,"minecraft:bucket":19,"minecraft:cobbled_deepslate":4,"minecraft:dark_oak_sapling":1}},"DataVersion":3953}